platform,question_title,answer_summary,feedback_modes,business_mode,sentiment,quality_score,context_dependency_score,business_value_score,feedback_entropy_score,likes,high_value_reason,is_high_value_feedback_pre_llm,needs_llm_analysis,llm_priority_score,llm_route_reason,reaction_comment_count,supportive_ratio,opposing_ratio,controversy_score,sarcasm_ratio,high_value_comment_count,avg_comment_business_value_score,avg_comment_entropy_score,demo_case_id
zhihu,演示案例 001：产品体验主题,该回答样本在公开演示版中被归纳为“产品体验”主题，整体情绪倾向为正向，信息密度处于很高水平。,product_experience|monetization|brand_communication|community_conflict|competition|plot_discussion,product_experience|monetization|brand_communication|community_conflict|competition|plot_discussion,positive,9,2,17,13.05,4971,该样本主要体现为产品体验反馈，业务价值很高、表达质量很高，因此在演示版中被记录为“需要进一步进入 LLM 深分析”的案例。,True,True,13,actionable_feedback|long_comment|high_entropy|actionable_pattern|clear_target|competition_mode|sarcasm_with_signal,170.0,12.35,4.71,6.47,2.94,36.0,1.02,1.64,content_0001
zhihu,演示案例 002：产品体验主题,该回答样本在公开演示版中被归纳为“产品体验”主题，整体情绪倾向为混合，信息密度处于很高水平。,product_experience|monetization|brand_communication|community_conflict|competition|plot_discussion,product_experience|monetization|brand_communication|community_conflict|competition|plot_discussion,mixed,9,2,17,13.05,1340,该样本主要体现为产品体验反馈，业务价值很高、表达质量很高，因此在演示版中被记录为“需要进一步进入 LLM 深分析”的案例。,True,True,13,actionable_feedback|long_comment|high_entropy|actionable_pattern|clear_target|competition_mode|sarcasm_with_signal,136.0,4.41,13.97,23.53,6.62,33.0,1.15,1.8,content_0002
zhihu,演示案例 003：产品体验主题,该回答样本在公开演示版中被归纳为“产品体验”主题，整体情绪倾向为正向，信息密度处于很高水平。,product_experience|monetization|brand_communication|community_conflict|competition|plot_discussion,product_experience|monetization|brand_communication|community_conflict|competition|plot_discussion,positive,9,2,17,13.05,1083,该样本主要体现为产品体验反馈，业务价值很高、表达质量很高，因此在演示版中被记录为“需要进一步进入 LLM 深分析”的案例。,True,True,13,actionable_feedback|long_comment|high_entropy|actionable_pattern|clear_target|competition_mode|sarcasm_with_signal,85.0,22.35,3.53,17.65,1.18,35.0,1.47,2.25,content_0003
zhihu,演示案例 004：产品体验主题,该回答样本在公开演示版中被归纳为“产品体验”主题，整体情绪倾向为正向，信息密度处于很高水平。,product_experience|monetization|brand_communication|community_conflict|competition|plot_discussion,product_experience|monetization|brand_communication|community_conflict|competition|plot_discussion,positive,8,1,17,12.6,327,该样本主要体现为产品体验反馈，业务价值很高、表达质量很高，因此在演示版中被记录为“需要进一步进入 LLM 深分析”的案例。,True,True,13,actionable_feedback|long_comment|high_entropy|actionable_pattern|clear_target|competition_mode|sarcasm_with_signal,21.0,0.0,4.76,4.76,4.76,2.0,0.19,1.24,content_0004
zhihu,演示案例 005：产品体验主题,该回答样本在公开演示版中被归纳为“产品体验”主题，整体情绪倾向为正向，信息密度处于很高水平。,product_experience|monetization|brand_communication|community_conflict|competition|plot_discussion,product_experience|monetization|brand_communication|community_conflict|competition|plot_discussion,positive,8,2,17,12.6,275,该样本主要体现为产品体验反馈，业务价值很高、表达质量很高，因此在演示版中被记录为“需要进一步进入 LLM 深分析”的案例。,True,True,13,actionable_feedback|long_comment|high_entropy|actionable_pattern|clear_target|competition_mode|sarcasm_with_signal,32.0,28.12,6.25,9.38,0.0,9.0,1.25,1.69,content_0005
zhihu,演示案例 006：产品体验主题,该回答样本在公开演示版中被归纳为“产品体验”主题，整体情绪倾向为负向，信息密度处于很高水平。,product_experience|monetization|brand_communication|community_conflict|competition|plot_discussion,product_experience|monetization|brand_communication|community_conflict|competition|plot_discussion,negative,9,5,17,12.05,1496,该样本主要体现为产品体验反馈，业务价值很高、表达质量很高，因此在演示版中被记录为“需要进一步进入 LLM 深分析”的案例。,True,True,15,actionable_feedback|long_comment|context_heavy|high_entropy|actionable_pattern|clear_target|competition_mode|sarcasm_with_signal,102.0,29.41,13.73,18.63,5.88,36.0,0.94,2.06,content_0006
zhihu,演示案例 007：产品体验主题,该回答样本在公开演示版中被归纳为“产品体验”主题，整体情绪倾向为正向，信息密度处于很高水平。,product_experience|monetization|brand_communication|competition|plot_discussion,product_experience|monetization|brand_communication|competition|plot_discussion,positive,9,2,16,13.05,2096,该样本主要体现为产品体验反馈，业务价值很高、表达质量很高，因此在演示版中被记录为“需要进一步进入 LLM 深分析”的案例。,True,True,13,actionable_feedback|long_comment|high_entropy|actionable_pattern|clear_target|competition_mode|sarcasm_with_signal,67.0,11.94,2.99,2.99,2.99,10.0,0.7,1.61,content_0007
zhihu,演示案例 008：产品体验主题,该回答样本在公开演示版中被归纳为“产品体验”主题，整体情绪倾向为正向，信息密度处于很高水平。,product_experience|monetization|brand_communication|competition|plot_discussion,product_experience|monetization|brand_communication|competition|plot_discussion,positive,9,2,16,13.05,2096,该样本主要体现为产品体验反馈，业务价值很高、表达质量很高，因此在演示版中被记录为“需要进一步进入 LLM 深分析”的案例。,True,True,13,actionable_feedback|long_comment|high_entropy|actionable_pattern|clear_target|competition_mode|sarcasm_with_signal,67.0,11.94,2.99,2.99,2.99,10.0,0.7,1.61,content_0008
zhihu,演示案例 009：产品体验主题,该回答样本在公开演示版中被归纳为“产品体验”主题，整体情绪倾向为正向，信息密度处于很高水平。,product_experience|monetization|brand_communication|community_conflict|competition,product_experience|monetization|brand_communication|community_conflict|competition,positive,9,2,16,13.05,573,该样本主要体现为产品体验反馈，业务价值很高、表达质量很高，因此在演示版中被记录为“需要进一步进入 LLM 深分析”的案例。,True,True,13,actionable_feedback|long_comment|high_entropy|actionable_pattern|clear_target|competition_mode|sarcasm_with_signal,51.0,23.53,9.8,23.53,66.67,16.0,0.8,1.31,content_0009
zhihu,演示案例 010：产品体验主题,该回答样本在公开演示版中被归纳为“产品体验”主题，整体情绪倾向为正向，信息密度处于很高水平。,product_experience|monetization|community_conflict|competition|plot_discussion,product_experience|monetization|community_conflict|competition|plot_discussion,positive,9,2,15,13.05,372,该样本主要体现为产品体验反馈，业务价值很高、表达质量很高，因此在演示版中被记录为“需要进一步进入 LLM 深分析”的案例。,True,True,13,actionable_feedback|long_comment|high_entropy|actionable_pattern|clear_target|competition_mode|sarcasm_with_signal,29.0,20.69,3.45,20.69,13.79,9.0,1.0,2.03,content_0010
zhihu,演示案例 011：产品体验主题,该回答样本在公开演示版中被归纳为“产品体验”主题，整体情绪倾向为混合，信息密度处于很高水平。,product_experience|monetization|brand_communication|community_conflict|competition|plot_discussion,product_experience|monetization|brand_communication|community_conflict|competition|plot_discussion,mixed,8,2,15,10.8,744,该样本主要体现为产品体验反馈，业务价值很高、表达质量很高，因此在演示版中被记录为“需要进一步进入 LLM 深分析”的案例。,True,True,13,actionable_feedback|long_comment|high_entropy|actionable_pattern|clear_target|competition_mode|sarcasm_with_signal,37.0,18.92,2.7,5.41,0.0,6.0,0.54,1.35,content_0011
zhihu,演示案例 012：产品体验主题,该回答样本在公开演示版中被归纳为“产品体验”主题，整体情绪倾向为混合，信息密度处于很高水平。,product_experience|monetization|brand_communication|competition|plot_discussion,product_experience|monetization|brand_communication|competition|plot_discussion,mixed,9,0,14,13.05,686,该样本主要体现为产品体验反馈，业务价值很高、表达质量很高，因此在演示版中被记录为“需要进一步进入 LLM 深分析”的案例。,True,True,12,actionable_feedback|long_comment|high_entropy|actionable_pattern|clear_target|competition_mode,25.0,4.0,4.0,4.0,0.0,3.0,0.8,1.16,content_0012
zhihu,演示案例 013：产品体验主题,该回答样本在公开演示版中被归纳为“产品体验”主题，整体情绪倾向为正向，信息密度处于很高水平。,product_experience|monetization|community_conflict|competition|plot_discussion,product_experience|monetization|community_conflict|competition|plot_discussion,positive,9,1,14,13.05,70,该样本主要体现为产品体验反馈，业务价值很高、表达质量很高，因此在演示版中被记录为“需要进一步进入 LLM 深分析”的案例。,True,True,12,actionable_feedback|long_comment|high_entropy|actionable_pattern|clear_target|competition_mode,6.0,33.33,0.0,0.0,0.0,0.0,0.5,1.0,content_0013
zhihu,演示案例 014：产品体验主题,该回答样本在公开演示版中被归纳为“产品体验”主题，整体情绪倾向为正向，信息密度处于很高水平。,product_experience|monetization|community_conflict|competition|plot_discussion,product_experience|monetization|community_conflict|competition|plot_discussion,positive,9,2,13,13.05,5917,该样本主要体现为产品体验反馈，业务价值很高、表达质量很高，因此在演示版中被记录为“需要进一步进入 LLM 深分析”的案例。,True,True,13,actionable_feedback|long_comment|high_entropy|actionable_pattern|clear_target|competition_mode|sarcasm_with_signal,192.0,12.5,14.58,25.52,4.17,74.0,1.14,2.5,content_0014
zhihu,演示案例 015：产品体验主题,该回答样本在公开演示版中被归纳为“产品体验”主题，整体情绪倾向为混合，信息密度处于很高水平。,product_experience|monetization|community_conflict|competition|plot_discussion,product_experience|monetization|community_conflict|competition|plot_discussion,mixed,9,2,13,13.05,1238,该样本主要体现为产品体验反馈，业务价值很高、表达质量很高，因此在演示版中被记录为“需要进一步进入 LLM 深分析”的案例。,True,True,13,actionable_feedback|long_comment|high_entropy|actionable_pattern|clear_target|competition_mode|sarcasm_with_signal,152.0,7.24,13.82,17.11,0.66,77.0,2.16,2.49,content_0015
zhihu,演示案例 016：产品体验主题,该回答样本在公开演示版中被归纳为“产品体验”主题，整体情绪倾向为负向，信息密度处于很高水平。,product_experience|monetization|community_conflict|competition|plot_discussion,product_experience|monetization|community_conflict|competition|plot_discussion,negative,9,2,13,13.05,11,该样本主要体现为产品体验反馈，业务价值很高、表达质量很高，因此在演示版中被记录为“需要进一步进入 LLM 深分析”的案例。,True,True,13,actionable_feedback|long_comment|high_entropy|actionable_pattern|clear_target|competition_mode|sarcasm_with_signal,9.0,0.0,11.11,11.11,0.0,3.0,2.0,1.78,content_0016
zhihu,演示案例 017：产品体验主题,该回答样本在公开演示版中被归纳为“产品体验”主题，整体情绪倾向为正向，信息密度处于很高水平。,product_experience|monetization|community_conflict|competition,product_experience|monetization|community_conflict|competition,positive,8,3,13,11.3,6416,该样本主要体现为产品体验反馈，业务价值很高、表达质量很高，因此在演示版中被记录为“需要进一步进入 LLM 深分析”的案例。,True,True,15,actionable_feedback|long_comment|context_heavy|high_entropy|actionable_pattern|clear_target|competition_mode|sarcasm_with_signal,191.0,10.99,23.04,31.94,6.81,58.0,0.9,1.92,content_0017
zhihu,演示案例 018：产品体验主题,该回答样本在公开演示版中被归纳为“产品体验”主题，整体情绪倾向为正向，信息密度处于很高水平。,product_experience|monetization|brand_communication|community_conflict|competition|plot_discussion,product_experience|monetization|brand_communication|community_conflict|competition|plot_discussion,positive,7,3,13,10.85,40,该样本主要体现为产品体验反馈，业务价值很高、表达质量较高，因此在演示版中被记录为“需要进一步进入 LLM 深分析”的案例。,True,True,15,actionable_feedback|long_comment|context_heavy|high_entropy|actionable_pattern|clear_target|competition_mode|sarcasm_with_signal,2.0,50.0,0.0,0.0,0.0,0.0,0.0,0.5,content_0018
zhihu,演示案例 019：产品体验主题,该回答样本在公开演示版中被归纳为“产品体验”主题，整体情绪倾向为中性，信息密度处于很高水平。,product_experience|monetization|community_conflict|competition|plot_discussion,product_experience|monetization|community_conflict|competition|plot_discussion,neutral,8,0,13,10.8,373,该样本主要体现为产品体验反馈，业务价值很高、表达质量很高，因此在演示版中被记录为“需要进一步进入 LLM 深分析”的案例。,True,True,12,actionable_feedback|long_comment|high_entropy|actionable_pattern|clear_target|competition_mode,7.0,0.0,28.57,42.86,0.0,2.0,1.57,1.57,content_0019
zhihu,演示案例 020：产品体验主题,该回答样本在公开演示版中被归纳为“产品体验”主题，整体情绪倾向为负向，信息密度处于很高水平。,product_experience|monetization|brand_communication|community_conflict|competition|plot_discussion,product_experience|monetization|brand_communication|community_conflict|competition|plot_discussion,negative,6,0,13,9.9,1014,该样本主要体现为产品体验反馈，业务价值很高、表达质量较高，因此在演示版中被记录为“需要进一步进入 LLM 深分析”的案例。,True,True,12,actionable_feedback|long_comment|high_entropy|actionable_pattern|clear_target|competition_mode,51.0,0.0,1.96,1.96,0.0,8.0,1.16,1.27,content_0020
zhihu,演示案例 021：产品体验主题,该回答样本在公开演示版中被归纳为“产品体验”主题，整体情绪倾向为正向，信息密度处于很高水平。,product_experience|monetization|community_conflict|competition|plot_discussion,product_experience|monetization|community_conflict|competition|plot_discussion,positive,9,2,12,13.05,65,该样本主要体现为产品体验反馈，业务价值很高、表达质量很高，因此在演示版中被记录为“需要进一步进入 LLM 深分析”的案例。,True,True,13,actionable_feedback|long_comment|high_entropy|actionable_pattern|clear_target|competition_mode|sarcasm_with_signal,38.0,15.79,10.53,26.32,5.26,13.0,1.42,2.39,content_0021
zhihu,演示案例 022：产品体验主题,该回答样本在公开演示版中被归纳为“产品体验”主题，整体情绪倾向为正向，信息密度处于很高水平。,product_experience|monetization|competition|plot_discussion,product_experience|monetization|competition|plot_discussion,positive,8,0,12,12.6,1046,该样本主要体现为产品体验反馈，业务价值很高、表达质量很高，因此在演示版中被记录为“需要进一步进入 LLM 深分析”的案例。,True,True,13,actionable_feedback|long_comment|high_entropy|actionable_pattern|clear_target|competition_mode|sarcasm_with_signal,54.0,3.7,1.85,1.85,0.0,11.0,0.94,1.59,content_0022
zhihu,演示案例 023：产品体验主题,该回答样本在公开演示版中被归纳为“产品体验”主题，整体情绪倾向为正向，信息密度处于很高水平。,product_experience|monetization|competition|plot_discussion,product_experience|monetization|competition|plot_discussion,positive,8,1,12,12.6,218,该样本主要体现为产品体验反馈，业务价值很高、表达质量很高，因此在演示版中被记录为“需要进一步进入 LLM 深分析”的案例。,True,True,13,actionable_feedback|long_comment|high_entropy|actionable_pattern|clear_target|competition_mode|sarcasm_with_signal,7.0,0.0,0.0,14.29,0.0,1.0,0.29,1.14,content_0023
zhihu,演示案例 024：产品体验主题,该回答样本在公开演示版中被归纳为“产品体验”主题，整体情绪倾向为正向，信息密度处于很高水平。,product_experience|monetization|competition|plot_discussion,product_experience|monetization|competition|plot_discussion,positive,8,0,12,12.6,101,该样本主要体现为产品体验反馈，业务价值很高、表达质量很高，因此在演示版中被记录为“需要进一步进入 LLM 深分析”的案例。,True,True,13,actionable_feedback|long_comment|high_entropy|actionable_pattern|clear_target|competition_mode|sarcasm_with_signal,2.0,0.0,50.0,50.0,100.0,2.0,2.0,3.0,content_0024
zhihu,演示案例 025：产品体验主题,该回答样本在公开演示版中被归纳为“产品体验”主题，整体情绪倾向为正向，信息密度处于很高水平。,product_experience|monetization|competition|plot_discussion,product_experience|monetization|competition|plot_discussion,positive,9,3,12,12.55,1887,该样本主要体现为产品体验反馈，业务价值很高、表达质量很高，因此在演示版中被记录为“需要进一步进入 LLM 深分析”的案例。,True,True,15,actionable_feedback|long_comment|context_heavy|high_entropy|actionable_pattern|clear_target|competition_mode|sarcasm_with_signal,67.0,4.48,2.99,2.99,0.0,11.0,0.88,1.58,content_0025
zhihu,演示案例 026：商业化主题,该回答样本在公开演示版中被归纳为“商业化”主题，整体情绪倾向为负向，信息密度处于很高水平。,monetization|community_conflict|competition|plot_discussion,monetization|community_conflict|competition|plot_discussion,negative,9,3,12,12.55,70,该样本主要体现为商业化反馈，业务价值很高、表达质量很高，因此在演示版中被记录为“需要进一步进入 LLM 深分析”的案例。,True,True,15,actionable_feedback|long_comment|context_heavy|high_entropy|actionable_pattern|clear_target|competition_mode|sarcasm_with_signal,129.0,6.2,29.46,47.29,4.65,51.0,1.26,2.61,content_0026
zhihu,演示案例 027：产品体验主题,该回答样本在公开演示版中被归纳为“产品体验”主题，整体情绪倾向为正向，信息密度处于很高水平。,product_experience|monetization|brand_communication|community_conflict|competition,product_experience|monetization|brand_communication|community_conflict|competition,positive,8,4,12,10.3,9,该样本主要体现为产品体验反馈，业务价值很高、表达质量很高，因此在演示版中被记录为“需要进一步进入 LLM 深分析”的案例。,True,True,15,actionable_feedback|long_comment|context_heavy|high_entropy|actionable_pattern|clear_target|competition_mode|sarcasm_with_signal,10.0,20.0,20.0,50.0,10.0,6.0,1.4,2.4,content_0027
zhihu,演示案例 028：产品体验主题,该回答样本在公开演示版中被归纳为“产品体验”主题，整体情绪倾向为正向，信息密度处于很高水平。,product_experience|community_conflict|competition|plot_discussion,product_experience|community_conflict|competition|plot_discussion,positive,9,2,11,13.05,251,该样本主要体现为产品体验反馈，业务价值很高、表达质量很高，因此在演示版中被记录为“需要进一步进入 LLM 深分析”的案例。,True,True,13,actionable_feedback|long_comment|high_entropy|actionable_pattern|clear_target|competition_mode|sarcasm_with_signal,22.0,18.18,4.55,9.09,0.0,5.0,1.05,1.45,content_0028
zhihu,演示案例 029：产品体验主题,该回答样本在公开演示版中被归纳为“产品体验”主题，整体情绪倾向为正向，信息密度处于很高水平。,product_experience|monetization|competition|plot_discussion,product_experience|monetization|competition|plot_discussion,positive,9,1,11,13.05,74,该样本主要体现为产品体验反馈，业务价值很高、表达质量很高，因此在演示版中被记录为“需要进一步进入 LLM 深分析”的案例。,True,True,13,actionable_feedback|long_comment|high_entropy|actionable_pattern|clear_target|competition_mode|sarcasm_with_signal,7.0,42.86,0.0,14.29,71.43,4.0,0.86,2.29,content_0029
zhihu,演示案例 030：产品体验主题,该回答样本在公开演示版中被归纳为“产品体验”主题，整体情绪倾向为正向，信息密度处于很高水平。,product_experience|monetization|community_conflict|competition|plot_discussion,product_experience|monetization|community_conflict|competition|plot_discussion,positive,9,1,11,13.05,17,该样本主要体现为产品体验反馈，业务价值很高、表达质量很高，因此在演示版中被记录为“需要进一步进入 LLM 深分析”的案例。,True,True,13,actionable_feedback|long_comment|high_entropy|actionable_pattern|clear_target|competition_mode|sarcasm_with_signal,1.0,0.0,0.0,0.0,0.0,0.0,2.0,1.0,content_0030
zhihu,演示案例 031：产品体验主题,该回答样本在公开演示版中被归纳为“产品体验”主题，整体情绪倾向为混合，信息密度处于很高水平。,product_experience|monetization|community_conflict|competition|plot_discussion,product_experience|monetization|community_conflict|competition|plot_discussion,mixed,9,0,11,13.05,16,该样本主要体现为产品体验反馈，业务价值很高、表达质量很高，因此在演示版中被记录为“需要进一步进入 LLM 深分析”的案例。,True,True,12,actionable_feedback|long_comment|high_entropy|actionable_pattern|clear_target|competition_mode,1.0,0.0,0.0,0.0,0.0,0.0,2.0,1.0,content_0031
zhihu,演示案例 032：产品体验主题,该回答样本在公开演示版中被归纳为“产品体验”主题，整体情绪倾向为正向，信息密度处于很高水平。,product_experience|monetization|community_conflict|competition|plot_discussion,product_experience|monetization|community_conflict|competition|plot_discussion,positive,8,1,11,12.6,8,该样本主要体现为产品体验反馈，业务价值很高、表达质量很高，因此在演示版中被记录为“需要进一步进入 LLM 深分析”的案例。,True,True,12,actionable_feedback|long_comment|high_entropy|actionable_pattern|clear_target|competition_mode,,,,,,,,,content_0032
zhihu,演示案例 033：产品体验主题,该回答样本在公开演示版中被归纳为“产品体验”主题，整体情绪倾向为混合，信息密度处于很高水平。,product_experience|monetization|community_conflict|competition|plot_discussion,product_experience|monetization|community_conflict|competition|plot_discussion,mixed,8,1,11,12.6,3,该样本主要体现为产品体验反馈，业务价值很高、表达质量很高，因此在演示版中被记录为“需要进一步进入 LLM 深分析”的案例。,True,True,12,actionable_feedback|long_comment|high_entropy|actionable_pattern|clear_target|competition_mode,4.0,0.0,25.0,25.0,0.0,1.0,0.5,1.75,content_0033
zhihu,演示案例 034：产品体验主题,该回答样本在公开演示版中被归纳为“产品体验”主题，整体情绪倾向为正向，信息密度处于很高水平。,product_experience|competition|plot_discussion,product_experience|competition|plot_discussion,positive,8,0,11,11.7,253,该样本主要体现为产品体验反馈，业务价值很高、表达质量很高，因此在演示版中被记录为“需要进一步进入 LLM 深分析”的案例。,True,True,12,actionable_feedback|long_comment|high_entropy|actionable_pattern|clear_target|competition_mode,30.0,20.0,13.33,13.33,6.67,5.0,1.57,1.63,content_0034
zhihu,演示案例 035：商业化主题,该回答样本在公开演示版中被归纳为“商业化”主题，整体情绪倾向为混合，信息密度处于很高水平。,monetization|community_conflict|competition|plot_discussion,monetization|community_conflict|competition|plot_discussion,mixed,9,1,11,11.25,3124,该样本主要体现为商业化反馈，业务价值很高、表达质量很高，因此在演示版中被记录为“需要进一步进入 LLM 深分析”的案例。,True,True,13,actionable_feedback|long_comment|high_entropy|actionable_pattern|clear_target|competition_mode|sarcasm_with_signal,185.0,10.27,12.97,16.76,4.32,36.0,0.95,1.71,content_0035
zhihu,演示案例 036：商业化主题,该回答样本在公开演示版中被归纳为“商业化”主题，整体情绪倾向为正向，信息密度处于很高水平。,monetization|brand_communication|community_conflict,monetization|brand_communication|community_conflict,positive,5,5,11,9.45,466,该样本主要体现为商业化反馈，业务价值很高、表达质量较高，因此在演示版中被记录为“需要进一步进入 LLM 深分析”的案例。,True,True,13,actionable_feedback|long_comment|context_heavy|high_entropy|actionable_pattern|clear_target|sarcasm_with_signal,59.0,23.73,23.73,27.12,3.39,19.0,1.14,2.36,content_0036
zhihu,演示案例 037：产品体验主题,该回答样本在公开演示版中被归纳为“产品体验”主题，整体情绪倾向为混合，信息密度处于很高水平。,product_experience|monetization|brand_communication|competition|plot_discussion,product_experience|monetization|brand_communication|competition|plot_discussion,mixed,6,0,11,9.0,47,该样本主要体现为产品体验反馈，业务价值很高、表达质量较高，因此在演示版中被记录为“需要进一步进入 LLM 深分析”的案例。,True,True,10,actionable_feedback|long_comment|high_entropy|clear_target|competition_mode,8.0,0.0,25.0,25.0,12.5,5.0,1.12,2.75,content_0037
zhihu,演示案例 038：产品体验主题,该回答样本在公开演示版中被归纳为“产品体验”主题，整体情绪倾向为中性，信息密度处于较高水平。,product_experience|monetization|competition|plot_discussion,product_experience|monetization|competition|plot_discussion,neutral,4,0,11,7.2,296,该样本主要体现为产品体验反馈，业务价值很高、表达质量中等，因此在演示版中被记录为“需要进一步进入 LLM 深分析”的案例。,True,True,8,actionable_feedback|high_entropy|clear_target|competition_mode,19.0,10.53,5.26,10.53,0.0,5.0,1.68,1.63,content_0038
zhihu,演示案例 039：产品体验主题,该回答样本在公开演示版中被归纳为“产品体验”主题，整体情绪倾向为负向，信息密度处于较高水平。,product_experience|monetization|competition|plot_discussion,product_experience|monetization|competition|plot_discussion,negative,3,1,11,6.05,180,该样本主要体现为产品体验反馈，业务价值很高、表达质量中等，因此在演示版中被记录为“需要进一步进入 LLM 深分析”的案例。,True,True,7,actionable_feedback|high_entropy|competition_mode,22.0,13.64,18.18,18.18,4.55,3.0,0.82,1.36,content_0039
zhihu,演示案例 040：产品体验主题,该回答样本在公开演示版中被归纳为“产品体验”主题，整体情绪倾向为中性，信息密度处于很高水平。,product_experience|competition|plot_discussion,product_experience|competition|plot_discussion,neutral,9,0,10,13.05,214,该样本主要体现为产品体验反馈，业务价值很高、表达质量很高，因此在演示版中被记录为“需要进一步进入 LLM 深分析”的案例。,True,True,12,actionable_feedback|long_comment|high_entropy|actionable_pattern|clear_target|competition_mode,12.0,0.0,16.67,16.67,0.0,9.0,1.5,2.92,content_0040
zhihu,演示案例 041：产品体验主题,该回答样本在公开演示版中被归纳为“产品体验”主题，整体情绪倾向为中性，信息密度处于很高水平。,product_experience|competition|plot_discussion,product_experience|competition|plot_discussion,neutral,8,0,10,12.6,154,该样本主要体现为产品体验反馈，业务价值很高、表达质量很高，因此在演示版中被记录为“需要进一步进入 LLM 深分析”的案例。,True,True,12,actionable_feedback|long_comment|high_entropy|actionable_pattern|clear_target|competition_mode,6.0,0.0,0.0,0.0,0.0,1.0,0.67,1.67,content_0041
zhihu,演示案例 042：商业化主题,该回答样本在公开演示版中被归纳为“商业化”主题，整体情绪倾向为负向，信息密度处于很高水平。,monetization|brand_communication|competition,monetization|brand_communication|competition,negative,8,0,10,11.8,355,该样本主要体现为商业化反馈，业务价值很高、表达质量很高，因此在演示版中被记录为“需要进一步进入 LLM 深分析”的案例。,True,True,12,actionable_feedback|long_comment|high_entropy|actionable_pattern|clear_target|competition_mode,39.0,7.69,10.26,10.26,0.0,3.0,0.33,1.23,content_0042
zhihu,演示案例 043：产品体验主题,该回答样本在公开演示版中被归纳为“产品体验”主题，整体情绪倾向为正向，信息密度处于很高水平。,product_experience|monetization|plot_discussion,product_experience|monetization|plot_discussion,positive,6,0,10,11.7,3,该样本主要体现为产品体验反馈，业务价值很高、表达质量较高，因此在演示版中被记录为“需要进一步进入 LLM 深分析”的案例。,True,True,10,actionable_feedback|long_comment|high_entropy|actionable_pattern|clear_target,1.0,0.0,0.0,0.0,0.0,0.0,0.0,1.0,content_0043
zhihu,演示案例 044：产品体验主题,该回答样本在公开演示版中被归纳为“产品体验”主题，整体情绪倾向为正向，信息密度处于很高水平。,product_experience|monetization|community_conflict|competition|plot_discussion,product_experience|monetization|community_conflict|competition|plot_discussion,positive,7,2,10,11.35,0,该样本主要体现为产品体验反馈，业务价值很高、表达质量较高，因此在演示版中被记录为“需要进一步进入 LLM 深分析”的案例。,True,True,12,actionable_feedback|long_comment|high_entropy|actionable_pattern|clear_target|competition_mode,,,,,,,,,content_0044
zhihu,演示案例 045：产品体验主题,该回答样本在公开演示版中被归纳为“产品体验”主题，整体情绪倾向为正向，信息密度处于很高水平。,product_experience|monetization|community_conflict|competition,product_experience|monetization|community_conflict|competition,positive,8,0,10,10.8,311,该样本主要体现为产品体验反馈，业务价值很高、表达质量很高，因此在演示版中被记录为“需要进一步进入 LLM 深分析”的案例。,True,True,12,actionable_feedback|long_comment|high_entropy|actionable_pattern|clear_target|competition_mode,18.0,11.11,5.56,5.56,5.56,4.0,1.22,1.61,content_0045
zhihu,演示案例 046：产品体验主题,该回答样本在公开演示版中被归纳为“产品体验”主题，整体情绪倾向为正向，信息密度处于很高水平。,product_experience|monetization|plot_discussion,product_experience|monetization|plot_discussion,positive,7,1,10,10.35,247,该样本主要体现为产品体验反馈，业务价值很高、表达质量较高，因此在演示版中被记录为“需要进一步进入 LLM 深分析”的案例。,True,True,10,actionable_feedback|long_comment|high_entropy|actionable_pattern|clear_target,6.0,0.0,16.67,33.33,0.0,1.0,1.0,1.83,content_0046
zhihu,演示案例 047：产品体验主题,该回答样本在公开演示版中被归纳为“产品体验”主题，整体情绪倾向为正向，信息密度处于很高水平。,product_experience|monetization|community_conflict|competition,product_experience|monetization|community_conflict|competition,positive,7,3,10,10.05,2328,该样本主要体现为产品体验反馈，业务价值很高、表达质量较高，因此在演示版中被记录为“需要进一步进入 LLM 深分析”的案例。,True,True,13,actionable_feedback|long_comment|context_heavy|high_entropy|actionable_pattern|competition_mode,151.0,3.31,13.91,13.91,1.32,12.0,0.46,1.3,content_0047
zhihu,演示案例 048：产品体验主题,该回答样本在公开演示版中被归纳为“产品体验”主题，整体情绪倾向为中性，信息密度处于很高水平。,product_experience|monetization|community_conflict|plot_discussion,product_experience|monetization|community_conflict|plot_discussion,neutral,5,0,10,8.65,198,该样本主要体现为产品体验反馈，业务价值很高、表达质量较高，因此在演示版中被记录为“需要进一步进入 LLM 深分析”的案例。,True,True,10,actionable_feedback|long_comment|high_entropy|actionable_pattern|clear_target,6.0,33.33,16.67,16.67,0.0,2.0,0.83,2.33,content_0048
zhihu,演示案例 049：产品体验主题,该回答样本在公开演示版中被归纳为“产品体验”主题，整体情绪倾向为混合，信息密度处于较高水平。,product_experience|monetization|community_conflict|competition|plot_discussion,product_experience|monetization|community_conflict|competition|plot_discussion,mixed,5,3,10,6.45,315,该样本主要体现为产品体验反馈，业务价值很高、表达质量较高，因此在演示版中被记录为“需要进一步进入 LLM 深分析”的案例。,True,True,12,actionable_feedback|long_comment|context_heavy|high_entropy|competition_mode|sarcasm_with_signal,27.0,0.0,3.7,3.7,0.0,5.0,0.41,1.26,content_0049
zhihu,演示案例 050：商业化主题,该回答样本在公开演示版中被归纳为“商业化”主题，整体情绪倾向为正向，信息密度处于很高水平。,monetization|competition|plot_discussion,monetization|competition|plot_discussion,positive,8,0,9,11.5,4032,该样本主要体现为商业化反馈，业务价值很高、表达质量很高，因此在演示版中被记录为“需要进一步进入 LLM 深分析”的案例。,True,True,12,actionable_feedback|long_comment|high_entropy|actionable_pattern|clear_target|competition_mode,146.0,10.27,10.27,13.7,4.79,25.0,0.57,1.64,content_0050
zhihu,演示案例 051：商业化主题,该回答样本在公开演示版中被归纳为“商业化”主题，整体情绪倾向为负向，信息密度处于很高水平。,monetization,monetization,negative,6,0,9,11.4,105,该样本主要体现为商业化反馈，业务价值很高、表达质量较高，因此在演示版中被记录为“需要进一步进入 LLM 深分析”的案例。,True,True,10,actionable_feedback|long_comment|high_entropy|actionable_pattern|clear_target,24.0,4.17,12.5,16.67,0.0,5.0,1.25,2.21,content_0051
zhihu,演示案例 052：产品体验主题,该回答样本在公开演示版中被归纳为“产品体验”主题，整体情绪倾向为负向，信息密度处于很高水平。,product_experience|brand_communication|community_conflict|competition|plot_discussion,product_experience|brand_communication|community_conflict|competition|plot_discussion,negative,9,1,9,10.05,31,该样本主要体现为产品体验反馈，业务价值很高、表达质量很高，因此在演示版中被记录为“需要进一步进入 LLM 深分析”的案例。,True,True,11,actionable_feedback|long_comment|high_entropy|clear_target|competition_mode|sarcasm_with_signal,10.0,0.0,0.0,20.0,40.0,3.0,0.6,1.8,content_0052
zhihu,演示案例 053：产品体验主题,该回答样本在公开演示版中被归纳为“产品体验”主题，整体情绪倾向为正向，信息密度处于很高水平。,product_experience|community_conflict|competition|plot_discussion,product_experience|community_conflict|competition|plot_discussion,positive,7,2,9,9.15,169,该样本主要体现为产品体验反馈，业务价值很高、表达质量较高，因此在演示版中被记录为“需要进一步进入 LLM 深分析”的案例。,True,True,10,actionable_feedback|long_comment|high_entropy|clear_target|competition_mode,12.0,8.33,0.0,8.33,8.33,4.0,0.33,1.33,content_0053
zhihu,演示案例 054：产品体验主题,该回答样本在公开演示版中被归纳为“产品体验”主题，整体情绪倾向为中性，信息密度处于很高水平。,product_experience|community_conflict|competition|plot_discussion,product_experience|community_conflict|competition|plot_discussion,neutral,7,2,9,9.15,132,该样本主要体现为产品体验反馈，业务价值很高、表达质量较高，因此在演示版中被记录为“需要进一步进入 LLM 深分析”的案例。,True,True,11,actionable_feedback|long_comment|high_entropy|clear_target|competition_mode|sarcasm_with_signal,4.0,0.0,0.0,0.0,0.0,0.0,0.75,1.0,content_0054
zhihu,演示案例 055：商业化主题,该回答样本在公开演示版中被归纳为“商业化”主题，整体情绪倾向为中性，信息密度处于很高水平。,monetization|brand_communication|community_conflict|competition|plot_discussion,monetization|brand_communication|community_conflict|competition|plot_discussion,neutral,8,0,9,8.9,89,该样本主要体现为商业化反馈，业务价值很高、表达质量很高，因此在演示版中被记录为“需要进一步进入 LLM 深分析”的案例。,True,True,11,actionable_feedback|long_comment|high_entropy|actionable_pattern|competition_mode,3.0,33.33,0.0,0.0,0.0,0.0,0.0,1.0,content_0055
zhihu,演示案例 056：产品体验主题,该回答样本在公开演示版中被归纳为“产品体验”主题，整体情绪倾向为负向，信息密度处于很高水平。,product_experience|brand_communication,product_experience|brand_communication,negative,5,1,9,8.25,449,该样本主要体现为产品体验反馈，业务价值很高、表达质量较高，因此在演示版中被记录为“需要进一步进入 LLM 深分析”的案例。,True,True,9,actionable_feedback|long_comment|high_entropy|clear_target|sarcasm_with_signal,11.0,9.09,9.09,9.09,0.0,2.0,1.0,1.36,content_0056
zhihu,演示案例 057：产品体验主题,该回答样本在公开演示版中被归纳为“产品体验”主题，整体情绪倾向为正向，信息密度处于很高水平。,product_experience|monetization|competition,product_experience|monetization|competition,positive,6,1,9,8.0,267,该样本主要体现为产品体验反馈，业务价值很高、表达质量较高，因此在演示版中被记录为“需要进一步进入 LLM 深分析”的案例。,True,True,11,actionable_feedback|long_comment|high_entropy|actionable_pattern|competition_mode,22.0,18.18,0.0,0.0,0.0,1.0,0.64,1.09,content_0057
zhihu,演示案例 058：商业化主题,该回答样本在公开演示版中被归纳为“商业化”主题，整体情绪倾向为混合，信息密度处于较高水平。,monetization|competition|plot_discussion,monetization|competition|plot_discussion,mixed,6,0,9,7.9,226,该样本主要体现为商业化反馈，业务价值很高、表达质量较高，因此在演示版中被记录为“需要进一步进入 LLM 深分析”的案例。,True,True,11,actionable_feedback|long_comment|high_entropy|clear_target|competition_mode|sarcasm_with_signal,8.0,12.5,25.0,37.5,12.5,3.0,1.5,1.88,content_0058
zhihu,演示案例 059：产品体验主题,该回答样本在公开演示版中被归纳为“产品体验”主题，整体情绪倾向为正向，信息密度处于较高水平。,product_experience|monetization|plot_discussion,product_experience|monetization|plot_discussion,positive,5,3,9,7.75,21,该样本主要体现为产品体验反馈，业务价值很高、表达质量较高，因此在演示版中被记录为“需要进一步进入 LLM 深分析”的案例。,True,True,11,actionable_feedback|long_comment|context_heavy|high_entropy|clear_target|sarcasm_with_signal,2.0,0.0,0.0,0.0,0.0,1.0,1.5,1.5,content_0059
zhihu,演示案例 060：产品体验主题,该回答样本在公开演示版中被归纳为“产品体验”主题，整体情绪倾向为负向，信息密度处于较高水平。,product_experience|brand_communication|plot_discussion,product_experience|brand_communication|plot_discussion,negative,5,0,9,7.35,361,该样本主要体现为产品体验反馈，业务价值很高、表达质量较高，因此在演示版中被记录为“需要进一步进入 LLM 深分析”的案例。,True,True,8,actionable_feedback|long_comment|high_entropy|clear_target,11.0,18.18,18.18,27.27,9.09,2.0,0.82,2.36,content_0060
zhihu,演示案例 061：产品体验主题,该回答样本在公开演示版中被归纳为“产品体验”主题，整体情绪倾向为中性，信息密度处于很高水平。,product_experience|competition|plot_discussion,product_experience|competition|plot_discussion,neutral,7,1,8,9.95,283,该样本主要体现为产品体验反馈，业务价值很高、表达质量较高，因此在演示版中被记录为“需要进一步进入 LLM 深分析”的案例。,True,True,11,actionable_feedback|long_comment|high_entropy|actionable_pattern|competition_mode,56.0,16.07,7.14,14.29,0.0,8.0,0.62,1.38,content_0061
zhihu,演示案例 062：品牌传播主题,该回答样本在公开演示版中被归纳为“品牌传播”主题，整体情绪倾向为负向，信息密度处于很高水平。,brand_communication|competition|plot_discussion,brand_communication|competition|plot_discussion,negative,7,0,8,9.75,385,该样本主要体现为品牌传播反馈，业务价值很高、表达质量较高，因此在演示版中被记录为“需要进一步进入 LLM 深分析”的案例。,True,True,10,actionable_feedback|high_entropy|actionable_pattern|clear_target|competition_mode,7.0,0.0,0.0,14.29,0.0,1.0,1.0,1.71,content_0062
zhihu,演示案例 063：产品体验主题,该回答样本在公开演示版中被归纳为“产品体验”主题，整体情绪倾向为正向，信息密度处于很高水平。,product_experience|monetization|plot_discussion,product_experience|monetization|plot_discussion,positive,6,0,8,9.3,13,该样本主要体现为产品体验反馈，业务价值很高、表达质量较高，因此在演示版中被记录为“需要进一步进入 LLM 深分析”的案例。,True,True,11,actionable_feedback|long_comment|high_entropy|actionable_pattern|clear_target|sarcasm_with_signal,7.0,28.57,14.29,14.29,0.0,4.0,2.71,2.71,content_0063
zhihu,演示案例 064：产品体验主题,该回答样本在公开演示版中被归纳为“产品体验”主题，整体情绪倾向为正向，信息密度处于很高水平。,product_experience|monetization|plot_discussion,product_experience|monetization|plot_discussion,positive,7,1,8,8.85,24,该样本主要体现为产品体验反馈，业务价值很高、表达质量较高，因此在演示版中被记录为“需要进一步进入 LLM 深分析”的案例。,True,True,8,actionable_feedback|long_comment|high_entropy|clear_target,20.0,5.0,20.0,25.0,5.0,9.0,1.4,2.15,content_0064
zhihu,演示案例 065：竞品比较主题,该回答样本在公开演示版中被归纳为“竞品比较”主题，整体情绪倾向为负向，信息密度处于很高水平。,competition|plot_discussion,competition|plot_discussion,negative,6,0,8,8.5,377,该样本主要体现为竞品比较反馈，业务价值很高、表达质量较高，因此在演示版中被记录为“需要进一步进入 LLM 深分析”的案例。,True,True,12,actionable_feedback|long_comment|high_entropy|actionable_pattern|clear_target|competition_mode,16.0,6.25,12.5,12.5,6.25,2.0,0.31,0.94,content_0065
zhihu,演示案例 066：产品体验主题,该回答样本在公开演示版中被归纳为“产品体验”主题，整体情绪倾向为正向，信息密度处于较高水平。,product_experience|plot_discussion,product_experience|plot_discussion,positive,5,0,8,7.95,1782,该样本主要体现为产品体验反馈，业务价值很高、表达质量较高，因此在演示版中被记录为“需要进一步进入 LLM 深分析”的案例。,True,True,6,actionable_feedback|high_entropy|clear_target,132.0,6.06,5.3,6.06,0.0,28.0,0.96,1.72,content_0066
zhihu,演示案例 067：商业化主题,该回答样本在公开演示版中被归纳为“商业化”主题，整体情绪倾向为正向，信息密度处于较高水平。,monetization|community_conflict|plot_discussion,monetization|community_conflict|plot_discussion,positive,5,2,8,7.05,619,该样本主要体现为商业化反馈，业务价值很高、表达质量较高，因此在演示版中被记录为“需要进一步进入 LLM 深分析”的案例。,True,True,9,actionable_feedback|long_comment|high_entropy|clear_target|sarcasm_with_signal,14.0,28.57,7.14,7.14,7.14,2.0,1.43,1.64,content_0067
zhihu,演示案例 068：品牌传播主题,该回答样本在公开演示版中被归纳为“品牌传播”主题，整体情绪倾向为负向，信息密度处于较高水平。,brand_communication|competition,brand_communication|competition,negative,5,2,8,6.35,427,该样本主要体现为品牌传播反馈，业务价值很高、表达质量较高，因此在演示版中被记录为“需要进一步进入 LLM 深分析”的案例。,True,True,10,actionable_feedback|long_comment|high_entropy|competition_mode|sarcasm_with_signal,8.0,12.5,12.5,12.5,25.0,1.0,0.75,1.12,content_0068
zhihu,演示案例 069：商业化主题,该回答样本在公开演示版中被归纳为“商业化”主题，整体情绪倾向为负向，信息密度处于很高水平。,monetization|community_conflict|competition,monetization|community_conflict|competition,negative,8,2,7,9.1,331,该样本主要体现为商业化反馈，业务价值较高、表达质量很高，因此在演示版中被记录为“需要进一步进入 LLM 深分析”的案例。,True,True,12,actionable_feedback|long_comment|high_entropy|actionable_pattern|clear_target|competition_mode,13.0,0.0,0.0,0.0,7.69,1.0,0.46,1.08,content_0069
zhihu,演示案例 070：产品体验主题,该回答样本在公开演示版中被归纳为“产品体验”主题，整体情绪倾向为负向，信息密度处于很高水平。,product_experience|community_conflict|plot_discussion,product_experience|community_conflict|plot_discussion,negative,6,0,7,9.0,5,该样本主要体现为产品体验反馈，业务价值较高、表达质量较高，因此在演示版中被记录为“需要进一步进入 LLM 深分析”的案例。,True,True,10,actionable_feedback|long_comment|high_entropy|actionable_pattern|clear_target,,,,,,,,,content_0070
zhihu,演示案例 071：产品体验主题,该回答样本在公开演示版中被归纳为“产品体验”主题，整体情绪倾向为中性，信息密度处于较高水平。,product_experience|monetization|community_conflict|competition,product_experience|monetization|community_conflict|competition,neutral,7,0,7,7.85,13,该样本主要体现为产品体验反馈，业务价值较高、表达质量较高，因此在演示版中被记录为“需要进一步进入 LLM 深分析”的案例。,True,True,9,actionable_feedback|high_entropy|actionable_pattern|competition_mode,1.0,0.0,0.0,0.0,100.0,0.0,2.0,0.0,content_0071
zhihu,演示案例 072：产品体验主题,该回答样本在公开演示版中被归纳为“产品体验”主题，整体情绪倾向为正向，信息密度处于较高水平。,product_experience|monetization|competition,product_experience|monetization|competition,positive,6,2,7,7.4,567,该样本主要体现为产品体验反馈，业务价值较高、表达质量较高，因此在演示版中被记录为“需要进一步进入 LLM 深分析”的案例。,True,True,12,actionable_feedback|long_comment|high_entropy|actionable_pattern|competition_mode|sarcasm_with_signal,13.0,23.08,30.77,46.15,53.85,4.0,0.23,0.92,content_0072
zhihu,演示案例 073：产品体验主题,该回答样本在公开演示版中被归纳为“产品体验”主题，整体情绪倾向为混合，信息密度处于较高水平。,product_experience,product_experience,mixed,4,1,7,7.3,252,该样本主要体现为产品体验反馈，业务价值较高、表达质量中等，因此在演示版中被记录为“需要进一步进入 LLM 深分析”的案例。,True,True,10,actionable_feedback|long_comment|high_entropy|actionable_pattern|clear_target,7.0,42.86,0.0,0.0,0.0,0.0,0.86,1.43,content_0073
zhihu,演示案例 074：产品体验主题,该回答样本在公开演示版中被归纳为“产品体验”主题，整体情绪倾向为中性，信息密度处于较高水平。,product_experience|community_conflict|plot_discussion,product_experience|community_conflict|plot_discussion,neutral,4,0,7,6.3,72,该样本主要体现为产品体验反馈，业务价值较高、表达质量中等，因此在演示版中被记录为“需要进一步进入 LLM 深分析”的案例。,True,True,6,actionable_feedback|high_entropy|clear_target,10.0,0.0,10.0,10.0,0.0,6.0,2.3,2.5,content_0074
zhihu,演示案例 075：竞品比较主题,该回答样本在公开演示版中被归纳为“竞品比较”主题，整体情绪倾向为中性，信息密度处于较高水平。,competition|plot_discussion,competition|plot_discussion,neutral,3,0,7,5.85,941,该样本主要体现为竞品比较反馈，业务价值较高、表达质量中等，因此在演示版中被记录为“需要进一步进入 LLM 深分析”的案例。,True,True,8,actionable_feedback|high_entropy|clear_target|competition_mode,37.0,8.11,21.62,37.84,5.41,12.0,0.65,1.68,content_0075
zhihu,演示案例 076：竞品比较主题,该回答样本在公开演示版中被归纳为“竞品比较”主题，整体情绪倾向为混合，信息密度处于很高水平。,competition,competition,mixed,7,0,6,9.35,176,该样本主要体现为竞品比较反馈，业务价值较高、表达质量较高，因此在演示版中被记录为“需要进一步进入 LLM 深分析”的案例。,True,True,11,actionable_feedback|long_comment|high_entropy|actionable_pattern|competition_mode,3.0,0.0,0.0,0.0,0.0,0.0,0.0,1.0,content_0076
zhihu,演示案例 077：商业化主题,该回答样本在公开演示版中被归纳为“商业化”主题，整体情绪倾向为正向，信息密度处于很高水平。,monetization|community_conflict|competition,monetization|community_conflict|competition,positive,8,0,6,8.0,41,该样本主要体现为商业化反馈，业务价值较高、表达质量很高，因此在演示版中被记录为“需要进一步进入 LLM 深分析”的案例。,True,True,11,actionable_feedback|long_comment|high_entropy|actionable_pattern|competition_mode,,,,,,,,,content_0077
zhihu,演示案例 078：产品体验主题,该回答样本在公开演示版中被归纳为“产品体验”主题，整体情绪倾向为正向，信息密度处于较高水平。,product_experience|community_conflict,product_experience|community_conflict,positive,5,0,6,6.65,75,该样本主要体现为产品体验反馈，业务价值较高、表达质量较高，因此在演示版中被记录为“需要进一步进入 LLM 深分析”的案例。,True,True,9,actionable_feedback|long_comment|high_entropy|actionable_pattern,7.0,0.0,57.14,57.14,14.29,5.0,1.0,1.57,content_0078
zhihu,演示案例 079：产品体验主题,该回答样本在公开演示版中被归纳为“产品体验”主题，整体情绪倾向为正向，信息密度处于较高水平。,product_experience|monetization,product_experience|monetization,positive,4,0,6,6.2,1,该样本主要体现为产品体验反馈，业务价值较高、表达质量中等，因此在演示版中被记录为“需要进一步进入 LLM 深分析”的案例。,True,True,7,actionable_feedback|high_entropy|actionable_pattern,,,,,,,,,content_0079
zhihu,演示案例 080：产品体验主题,该回答样本在公开演示版中被归纳为“产品体验”主题，整体情绪倾向为负向，信息密度处于较高水平。,product_experience|monetization|competition,product_experience|monetization|competition,negative,4,1,6,5.3,8,该样本主要体现为产品体验反馈，业务价值较高、表达质量中等，因此在演示版中被记录为“需要进一步进入 LLM 深分析”的案例。,True,True,7,actionable_feedback|high_entropy|competition_mode,,,,,,,,,content_0080
zhihu,演示案例 081：商业化主题,该回答样本在公开演示版中被归纳为“商业化”主题，整体情绪倾向为中性，信息密度处于较高水平。,monetization|plot_discussion,monetization|plot_discussion,neutral,4,2,6,5.2,133,该样本主要体现为商业化反馈，业务价值较高、表达质量中等，因此在演示版中被记录为“需要进一步进入 LLM 深分析”的案例。,True,True,8,actionable_feedback|long_comment|high_entropy|clear_target,5.0,0.0,20.0,40.0,0.0,0.0,0.8,2.2,content_0081
zhihu,演示案例 082：产品体验主题,该回答样本在公开演示版中被归纳为“产品体验”主题，整体情绪倾向为中性，信息密度处于较高水平。,product_experience|monetization,product_experience|monetization,neutral,4,1,6,5.2,34,该样本主要体现为产品体验反馈，业务价值较高、表达质量中等，因此在演示版中被记录为“需要进一步进入 LLM 深分析”的案例。,True,True,6,actionable_feedback|high_entropy|clear_target,12.0,16.67,0.0,8.33,8.33,3.0,1.08,2.0,content_0082
zhihu,演示案例 083：产品体验主题,该回答样本在公开演示版中被归纳为“产品体验”主题，整体情绪倾向为中性，信息密度处于中等水平。,product_experience|community_conflict|competition,product_experience|community_conflict|competition,neutral,3,1,6,3.95,2398,该样本主要体现为产品体验反馈，业务价值较高、表达质量中等，因此在演示版中被记录为“需要进一步进入 LLM 深分析”的案例。,True,True,5,actionable_feedback|competition_mode,22.0,9.09,0.0,4.55,0.0,2.0,0.64,1.36,content_0083
zhihu,演示案例 084：品牌传播主题,该回答样本在公开演示版中被归纳为“品牌传播”主题，整体情绪倾向为负向，信息密度处于中等水平。,brand_communication|community_conflict|competition,brand_communication|community_conflict|competition,negative,3,3,6,3.45,18,该样本主要体现为品牌传播反馈，业务价值较高、表达质量中等，因此在演示版中被记录为“需要进一步进入 LLM 深分析”的案例。,True,True,8,actionable_feedback|context_heavy|competition_mode|sarcasm_with_signal,16.0,0.0,12.5,18.75,37.5,2.0,0.56,1.0,content_0084
zhihu,演示案例 085：产品体验主题,该回答样本在公开演示版中被归纳为“产品体验”主题，整体情绪倾向为正向，信息密度处于很高水平。,product_experience|competition|plot_discussion,product_experience|competition|plot_discussion,positive,8,1,5,8.5,2,该样本主要体现为产品体验反馈，业务价值较高、表达质量很高，因此在演示版中被记录为“需要进一步进入 LLM 深分析”的案例。,True,True,13,actionable_feedback|long_comment|high_entropy|actionable_pattern|clear_target|competition_mode|sarcasm_with_signal,1.0,0.0,0.0,0.0,0.0,0.0,0.0,1.0,content_0085
zhihu,演示案例 086：商业化主题,该回答样本在公开演示版中被归纳为“商业化”主题，整体情绪倾向为正向，信息密度处于中等水平。,monetization|competition,monetization|competition,positive,5,3,5,4.85,880,该样本主要体现为商业化反馈，业务价值较高、表达质量较高，因此在演示版中被记录为“需要进一步进入 LLM 深分析”的案例。,True,True,11,actionable_feedback|long_comment|context_heavy|clear_target|competition_mode|sarcasm_with_signal,45.0,24.44,6.67,17.78,48.89,10.0,0.47,1.22,content_0086
zhihu,演示案例 087：产品体验主题,该回答样本在公开演示版中被归纳为“产品体验”主题，整体情绪倾向为正向，信息密度处于中等水平。,product_experience,product_experience,positive,2,3,5,3.7,27,该样本主要体现为产品体验反馈，业务价值较高、表达质量较低，因此在演示版中被记录为“需要进一步进入 LLM 深分析”的案例。,True,True,8,actionable_feedback|context_heavy|actionable_pattern|sarcasm_with_signal,1.0,0.0,0.0,0.0,100.0,0.0,0.0,0.0,content_0087
zhihu,演示案例 088：竞品比较主题,该回答样本在公开演示版中被归纳为“竞品比较”主题，整体情绪倾向为混合，信息密度处于中等水平。,competition,competition,mixed,3,1,5,3.65,471,该样本主要体现为竞品比较反馈，业务价值较高、表达质量中等，因此在演示版中被记录为“需要进一步进入 LLM 深分析”的案例。,True,True,6,actionable_feedback|competition_mode|sarcasm_with_signal,18.0,38.89,5.56,5.56,5.56,3.0,0.44,1.33,content_0088
zhihu,演示案例 089：竞品比较主题,该回答样本在公开演示版中被归纳为“竞品比较”主题，整体情绪倾向为混合，信息密度处于较低水平。,competition,competition,mixed,2,3,5,2.7,978,该样本主要体现为竞品比较反馈，业务价值较高、表达质量较低，因此在演示版中被记录为“需要进一步进入 LLM 深分析”的案例。,True,True,8,actionable_feedback|context_heavy|competition_mode|sarcasm_with_signal,9.0,11.11,11.11,11.11,44.44,1.0,1.0,0.67,content_0089
zhihu,演示案例 090：产品体验主题,该回答样本在公开演示版中被归纳为“产品体验”主题，整体情绪倾向为混合，信息密度处于较高水平。,product_experience|competition,product_experience|competition,mixed,7,0,4,6.95,5,该样本主要体现为产品体验反馈，业务价值中等、表达质量较高，因此在演示版中被记录为“需要进一步进入 LLM 深分析”的案例。,True,True,9,actionable_feedback|high_entropy|actionable_pattern|competition_mode,,,,,,,,,content_0090
zhihu,演示案例 091：商业化主题,该回答样本在公开演示版中被归纳为“商业化”主题，整体情绪倾向为混合，信息密度处于较高水平。,monetization|competition,monetization|competition,mixed,7,0,4,6.95,0,该样本主要体现为商业化反馈，业务价值中等、表达质量较高，因此在演示版中被记录为“需要进一步进入 LLM 深分析”的案例。,True,True,9,actionable_feedback|high_entropy|actionable_pattern|competition_mode,,,,,,,,,content_0091
zhihu,演示案例 092：产品体验主题,该回答样本在公开演示版中被归纳为“产品体验”主题，整体情绪倾向为中性，信息密度处于较高水平。,product_experience|competition|plot_discussion,product_experience|competition|plot_discussion,neutral,7,0,4,6.05,9,该样本主要体现为产品体验反馈，业务价值中等、表达质量较高，因此在演示版中被记录为“需要进一步进入 LLM 深分析”的案例。,True,True,7,actionable_feedback|high_entropy|competition_mode,4.0,0.0,0.0,0.0,25.0,1.0,0.75,2.25,content_0092
zhihu,演示案例 093：品牌传播主题,该回答样本在公开演示版中被归纳为“品牌传播”主题，整体情绪倾向为中性，信息密度处于较高水平。,brand_communication,brand_communication,neutral,3,0,4,6.05,0,该样本主要体现为品牌传播反馈，业务价值中等、表达质量中等，因此在演示版中被记录为“需要进一步进入 LLM 深分析”的案例。,True,True,7,actionable_feedback|high_entropy|actionable_pattern,,,,,,,,,content_0093
zhihu,演示案例 094：产品体验主题,该回答样本在公开演示版中被归纳为“产品体验”主题，整体情绪倾向为负向，信息密度处于中等水平。,product_experience|community_conflict|competition|plot_discussion,product_experience|community_conflict|competition|plot_discussion,negative,3,0,7,4.35,624,该样本主要体现为产品体验反馈，业务价值较高、表达质量中等，因此在演示版中被记录为“规则层已可完成初步判断”的案例。,False,False,2,,15.0,6.67,20.0,26.67,0.0,2.0,1.07,1.47,content_0094
zhihu,演示案例 095：产品体验主题,该回答样本在公开演示版中被归纳为“产品体验”主题，整体情绪倾向为中性，信息密度处于中等水平。,product_experience|monetization,product_experience|monetization,neutral,2,0,6,4.4,2,该样本主要体现为产品体验反馈，业务价值较高、表达质量较低，因此在演示版中被记录为“规则层已可完成初步判断”的案例。,False,False,0,,,,,,,,,,content_0095
zhihu,演示案例 096：商业化主题,该回答样本在公开演示版中被归纳为“商业化”主题，整体情绪倾向为负向，信息密度处于中等水平。,monetization|community_conflict,monetization|community_conflict,negative,3,2,6,4.05,673,该样本主要体现为商业化反馈，业务价值较高、表达质量中等，因此在演示版中被记录为“规则层已可完成初步判断”的案例。,False,False,0,,11.0,0.0,18.18,18.18,0.0,1.0,1.0,1.73,content_0096
zhihu,演示案例 097：商业化主题,该回答样本在公开演示版中被归纳为“商业化”主题，整体情绪倾向为正向，信息密度处于较高水平。,monetization|plot_discussion,monetization|plot_discussion,positive,5,1,5,5.45,408,该样本主要体现为商业化反馈，业务价值较高、表达质量较高，因此在演示版中被记录为“规则层已可完成初步判断”的案例。,False,False,4,,14.0,35.71,0.0,0.0,14.29,5.0,1.07,2.5,content_0097
zhihu,演示案例 098：产品体验主题,该回答样本在公开演示版中被归纳为“产品体验”主题，整体情绪倾向为正向，信息密度处于中等水平。,product_experience|monetization,product_experience|monetization,positive,4,1,5,4.9,16,该样本主要体现为产品体验反馈，业务价值较高、表达质量中等，因此在演示版中被记录为“规则层已可完成初步判断”的案例。,False,False,1,,2.0,0.0,50.0,50.0,0.0,0.0,0.0,3.0,content_0098
zhihu,演示案例 099：品牌传播主题,该回答样本在公开演示版中被归纳为“品牌传播”主题，整体情绪倾向为混合，信息密度处于较低水平。,brand_communication|plot_discussion,brand_communication|plot_discussion,mixed,3,1,5,2.85,1383,该样本主要体现为品牌传播反馈，业务价值较高、表达质量中等，因此在演示版中被记录为“规则层已可完成初步判断”的案例。,False,False,3,,33.0,6.06,3.03,6.06,3.03,1.0,0.7,1.06,content_0099
zhihu,演示案例 100：商业化主题,该回答样本在公开演示版中被归纳为“商业化”主题，整体情绪倾向为中性，信息密度处于较低水平。,monetization|community_conflict,monetization|community_conflict,neutral,3,3,5,2.35,204,该样本主要体现为商业化反馈，业务价值较高、表达质量中等，因此在演示版中被记录为“规则层已可完成初步判断”的案例。,False,False,3,,18.0,11.11,5.56,11.11,5.56,6.0,1.56,2.11,content_0100
zhihu,演示案例 101：商业化主题,该回答样本在公开演示版中被归纳为“商业化”主题，整体情绪倾向为中性，信息密度处于较高水平。,monetization,monetization,neutral,5,0,4,6.75,2,该样本主要体现为商业化反馈，业务价值中等、表达质量较高，因此在演示版中被记录为“规则层已可完成初步判断”的案例。,False,False,3,,,,,,,,,,content_0101
zhihu,演示案例 102：剧情内容主题,该回答样本在公开演示版中被归纳为“剧情内容”主题，整体情绪倾向为中性，信息密度处于中等水平。,plot_discussion,plot_discussion,neutral,3,0,4,4.25,862,该样本主要体现为剧情内容反馈，业务价值中等、表达质量中等，因此在演示版中被记录为“规则层已可完成初步判断”的案例。,False,False,0,,13.0,15.38,15.38,15.38,0.0,2.0,0.85,1.46,content_0102
zhihu,演示案例 103：产品体验主题,该回答样本在公开演示版中被归纳为“产品体验”主题，整体情绪倾向为中性，信息密度处于中等水平。,product_experience|competition,product_experience|competition,neutral,5,2,4,4.25,98,该样本主要体现为产品体验反馈，业务价值中等、表达质量较高，因此在演示版中被记录为“规则层已可完成初步判断”的案例。,False,False,5,,5.0,0.0,0.0,0.0,0.0,0.0,0.4,0.8,content_0103
zhihu,演示案例 104：商业化主题,该回答样本在公开演示版中被归纳为“商业化”主题，整体情绪倾向为正向，信息密度处于中等水平。,monetization|community_conflict,monetization|community_conflict,positive,5,1,4,4.25,3,该样本主要体现为商业化反馈，业务价值中等、表达质量较高，因此在演示版中被记录为“规则层已可完成初步判断”的案例。,False,False,0,,,,,,,,,,content_0104
zhihu,演示案例 105：剧情内容主题,该回答样本在公开演示版中被归纳为“剧情内容”主题，整体情绪倾向为中性，信息密度处于中等水平。,plot_discussion,plot_discussion,neutral,3,1,4,4.15,338,该样本主要体现为剧情内容反馈，业务价值中等、表达质量中等，因此在演示版中被记录为“规则层已可完成初步判断”的案例。,False,False,1,,9.0,0.0,0.0,0.0,11.11,1.0,0.56,0.89,content_0105
zhihu,演示案例 106：其他高价值主题,该回答样本在公开演示版中被归纳为“其他高价值”主题，整体情绪倾向为中性，信息密度处于中等水平。,,,neutral,4,0,3,4.3,998,该样本主要体现为其他高价值反馈，业务价值中等、表达质量中等，因此在演示版中被记录为“规则层已可完成初步判断”的案例。,False,False,3,,25.0,4.0,0.0,4.0,0.0,0.0,0.12,1.12,content_0106
zhihu,演示案例 107：其他高价值主题,该回答样本在公开演示版中被归纳为“其他高价值”主题，整体情绪倾向为混合，信息密度处于中等水平。,,,mixed,4,2,3,3.6,2696,该样本主要体现为其他高价值反馈，业务价值中等、表达质量中等，因此在演示版中被记录为“规则层已可完成初步判断”的案例。,False,False,3,,136.0,11.76,2.94,3.68,5.88,2.0,0.17,1.02,content_0107
zhihu,演示案例 108：竞品比较主题,该回答样本在公开演示版中被归纳为“竞品比较”主题，整体情绪倾向为正向，信息密度处于中等水平。,competition,competition,positive,4,2,3,3.6,345,该样本主要体现为竞品比较反馈，业务价值中等、表达质量中等，因此在演示版中被记录为“规则层已可完成初步判断”的案例。,False,False,4,,11.0,18.18,9.09,9.09,18.18,1.0,0.36,1.09,content_0108
zhihu,演示案例 109：商业化主题,该回答样本在公开演示版中被归纳为“商业化”主题，整体情绪倾向为中性，信息密度处于较低水平。,monetization,monetization,neutral,1,2,3,2.25,1,该样本主要体现为商业化反馈，业务价值中等、表达质量较低，因此在演示版中被记录为“规则层已可完成初步判断”的案例。,False,False,0,,,,,,,,,,content_0109
zhihu,演示案例 110：剧情内容主题,该回答样本在公开演示版中被归纳为“剧情内容”主题，整体情绪倾向为中性，信息密度处于较低水平。,plot_discussion,plot_discussion,neutral,1,3,3,0.85,654,该样本主要体现为剧情内容反馈，业务价值中等、表达质量较低，因此在演示版中被记录为“规则层已可完成初步判断”的案例。,False,False,3,,34.0,5.88,2.94,2.94,20.59,3.0,0.65,1.29,content_0110
zhihu,演示案例 111：竞品比较主题,该回答样本在公开演示版中被归纳为“竞品比较”主题，整体情绪倾向为中性，信息密度处于中等水平。,competition,competition,neutral,4,2,2,4.9,12,该样本主要体现为竞品比较反馈，业务价值较低、表达质量中等，因此在演示版中被记录为“规则层已可完成初步判断”的案例。,False,False,4,,,,,,,,,,content_0111
zhihu,演示案例 112：产品体验主题,该回答样本在公开演示版中被归纳为“产品体验”主题，整体情绪倾向为中性，信息密度处于中等水平。,product_experience,product_experience,neutral,5,1,2,4.55,784,该样本主要体现为产品体验反馈，业务价值较低、表达质量较高，因此在演示版中被记录为“规则层已可完成初步判断”的案例。,False,False,2,,13.0,15.38,0.0,0.0,0.0,3.0,0.54,1.31,content_0112
zhihu,演示案例 113：竞品比较主题,该回答样本在公开演示版中被归纳为“竞品比较”主题，整体情绪倾向为混合，信息密度处于中等水平。,competition,competition,mixed,7,1,2,3.75,651,该样本主要体现为竞品比较反馈，业务价值较低、表达质量较高，因此在演示版中被记录为“规则层已可完成初步判断”的案例。,False,False,4,,31.0,3.23,3.23,9.68,0.0,3.0,0.26,1.26,content_0113
zhihu,演示案例 114：其他高价值主题,该回答样本在公开演示版中被归纳为“其他高价值”主题，整体情绪倾向为中性，信息密度处于中等水平。,,,neutral,2,1,2,3.2,327,该样本主要体现为其他高价值反馈，业务价值较低、表达质量较低，因此在演示版中被记录为“规则层已可完成初步判断”的案例。,False,False,0,,46.0,4.35,0.0,0.0,2.17,2.0,0.26,1.02,content_0114
zhihu,演示案例 115：产品体验主题,该回答样本在公开演示版中被归纳为“产品体验”主题，整体情绪倾向为负向，信息密度处于较低水平。,product_experience|competition,product_experience|competition,negative,3,2,2,1.95,591,该样本主要体现为产品体验反馈，业务价值较低、表达质量中等，因此在演示版中被记录为“规则层已可完成初步判断”的案例。,False,False,2,,10.0,0.0,10.0,10.0,0.0,1.0,0.4,1.3,content_0115
zhihu,演示案例 116：其他高价值主题,该回答样本在公开演示版中被归纳为“其他高价值”主题，整体情绪倾向为中性，信息密度处于较低水平。,,,neutral,1,0,2,1.05,773,该样本主要体现为其他高价值反馈，业务价值较低、表达质量较低，因此在演示版中被记录为“规则层已可完成初步判断”的案例。,False,False,0,,59.0,11.86,3.39,3.39,0.0,7.0,0.42,1.24,content_0116
zhihu,演示案例 117：其他高价值主题,该回答样本在公开演示版中被归纳为“其他高价值”主题，整体情绪倾向为正向，信息密度处于较低水平。,,,positive,1,3,1,0.25,78,该样本主要体现为其他高价值反馈，业务价值较低、表达质量较低，因此在演示版中被记录为“规则层已可完成初步判断”的案例。,False,False,3,,20.0,20.0,5.0,5.0,5.0,2.0,0.25,1.0,content_0117
zhihu,演示案例 118：其他高价值主题,该回答样本在公开演示版中被归纳为“其他高价值”主题，整体情绪倾向为中性，信息密度处于较低水平。,,,neutral,1,2,0,1.25,13,该样本主要体现为其他高价值反馈，业务价值较低、表达质量较低，因此在演示版中被记录为“规则层已可完成初步判断”的案例。,False,False,0,,,,,,,,,,content_0118
zhihu,演示案例 119：竞品比较主题,该回答样本在公开演示版中被归纳为“竞品比较”主题，整体情绪倾向为中性，信息密度处于较低水平。,competition,competition,neutral,3,2,0,0.75,14,该样本主要体现为竞品比较反馈，业务价值较低、表达质量中等，因此在演示版中被记录为“规则层已可完成初步判断”的案例。,False,False,2,,1.0,0.0,0.0,0.0,0.0,0.0,0.0,1.0,content_0119
zhihu,演示案例 120：其他高价值主题,该回答样本在公开演示版中被归纳为“其他高价值”主题，整体情绪倾向为中性，信息密度处于较低水平。,,,neutral,1,0,0,0.45,1,该样本主要体现为其他高价值反馈，业务价值较低、表达质量较低，因此在演示版中被记录为“规则层已可完成初步判断”的案例。,False,False,0,,,,,,,,,,content_0120
zhihu,演示案例 121：其他高价值主题,该回答样本在公开演示版中被归纳为“其他高价值”主题，整体情绪倾向为中性，信息密度处于较低水平。,,,neutral,0,1,0,0.0,0,该样本主要体现为其他高价值反馈，业务价值较低、表达质量较低，因此在演示版中被记录为“规则层已可完成初步判断”的案例。,False,False,0,,,,,,,,,,content_0121
